model,reference,horizon,mae_diff,ci_low,ci_high,clear
sarimax,naive,1,0.118,0.032,0.213,worse
sarimax,naive,2,0.136,-0.01,0.284,no clear difference
sarimax,naive,3,0.106,-0.089,0.319,no clear difference
sarimax_climate,naive,1,0.21,0.09,0.324,worse
sarimax_climate,naive,2,0.154,-0.058,0.362,no clear difference
sarimax_climate,naive,3,0.029,-0.281,0.335,no clear difference
lightgbm,naive,1,-0.087,-0.305,0.113,no clear difference
lightgbm,naive,2,-0.216,-0.611,0.182,no clear difference
lightgbm,naive,3,0.102,-0.423,0.662,no clear difference
lightgbm_climate,naive,1,-0.038,-0.277,0.184,no clear difference
lightgbm_climate,naive,2,-0.25,-0.69,0.189,no clear difference
lightgbm_climate,naive,3,-0.395,-1.054,0.216,no clear difference
sarimax_climate,sarimax,1,0.092,0.01,0.166,worse
sarimax_climate,sarimax,2,0.018,-0.101,0.146,no clear difference
sarimax_climate,sarimax,3,-0.077,-0.254,0.109,no clear difference
lightgbm_climate,lightgbm,1,0.049,-0.07,0.168,no clear difference
lightgbm_climate,lightgbm,2,-0.034,-0.34,0.241,no clear difference
lightgbm_climate,lightgbm,3,-0.497,-1.015,0.008,no clear difference
