series_group,county_name,horizon,n,naive_mae,naive_mape,seasonal_naive_mae,seasonal_naive_mape,sarimax_mae,sarimax_mape,sarimax_climate_mae,sarimax_climate_mape,lightgbm_mae,lightgbm_mape,lightgbm_climate_mae,lightgbm_climate_mape,sarimax_skill_vs_naive,sarimax_climate_skill_vs_naive,lightgbm_skill_vs_naive,lightgbm_climate_skill_vs_naive
low_resolution,Garissa,1,53,2.906,3.07,7.66,7.924,3.034,3.192,3.18,3.364,3.203,3.417,3.29,3.481,-0.044,-0.094,-0.102,-0.132
low_resolution,Garissa,2,51,4.863,5.176,7.356,7.528,4.76,5.068,5.001,5.354,4.649,4.932,5.079,5.328,0.021,-0.028,0.044,-0.044
low_resolution,Garissa,3,49,5.837,6.214,7.163,7.276,5.827,6.198,6.107,6.513,5.6,5.908,5.855,6.148,0.002,-0.046,0.04,-0.003
main,Embu,1,53,5.038,9.33,17.426,28.35,5.105,9.396,5.145,9.575,5.31,9.7,5.177,9.365,-0.013,-0.021,-0.054,-0.028
main,Embu,2,51,7.118,13.319,17.978,29.232,7.113,13.257,6.83,12.868,6.954,12.793,6.586,11.73,0.001,0.04,0.023,0.075
main,Embu,3,49,8.571,16.209,18.581,30.207,8.622,16.331,8.395,15.873,9.118,16.652,7.382,13.29,-0.006,0.021,-0.064,0.139
main,Isiolo,1,53,3.151,4.478,16.717,21.759,3.156,4.517,3.256,4.654,3.284,4.629,3.391,4.784,-0.002,-0.033,-0.042,-0.076
main,Isiolo,2,51,5.569,7.702,17.149,22.312,5.343,7.509,5.117,7.117,5.954,8.094,5.477,7.338,0.041,0.081,-0.069,0.016
main,Isiolo,3,49,8.282,11.282,17.574,22.866,8.069,11.12,7.375,10.083,9.456,12.824,8.08,10.868,0.026,0.109,-0.142,0.024
main,Kilifi,1,53,2.83,5.133,7.853,13.651,2.871,5.119,3.085,5.458,2.697,4.825,2.926,5.25,-0.014,-0.09,0.047,-0.034
main,Kilifi,2,51,3.631,6.327,7.913,13.765,3.671,6.379,4.276,7.379,4.018,7.149,3.954,6.986,-0.011,-0.178,-0.107,-0.089
main,Kilifi,3,49,4.857,8.449,8.072,14.02,4.842,8.392,5.419,9.343,5.496,9.715,4.651,8.18,0.003,-0.116,-0.132,0.042
main,Kitui,1,53,2.698,5.382,14.723,26.774,2.857,5.654,2.894,5.71,2.395,4.708,2.826,5.47,-0.059,-0.072,0.112,-0.047
main,Kitui,2,51,4.353,8.392,15.222,27.721,4.455,8.503,4.53,8.645,3.728,7.169,3.762,6.925,-0.023,-0.041,0.143,0.136
main,Kitui,3,49,6.184,12.005,15.767,28.748,6.29,12.096,6.322,12.092,5.533,10.544,5.682,10.525,-0.017,-0.022,0.105,0.081
main,Kwale,1,53,5.66,9.616,13.63,21.682,5.567,9.432,5.677,9.628,4.83,8.311,4.752,8.28,0.017,-0.003,0.147,0.16
main,Kwale,2,51,7.706,13.42,14.036,22.264,7.545,13.122,7.514,13.05,6.252,11.12,6.684,11.709,0.021,0.025,0.189,0.133
main,Kwale,3,49,10.02,17.708,14.433,22.841,9.915,17.516,9.826,17.303,8.661,15.044,8.068,14.326,0.011,0.019,0.136,0.195
main,Lamu,1,53,2.868,5.037,5.766,10.305,2.801,4.86,3.231,5.653,3.054,5.263,3.283,5.618,0.023,-0.127,-0.065,-0.145
main,Lamu,2,51,3.941,6.844,5.733,10.165,3.876,6.651,3.914,6.688,3.874,6.73,4.24,7.158,0.016,0.007,0.017,-0.076
main,Lamu,3,49,4.796,8.263,5.791,10.166,4.696,8.035,4.813,8.187,4.257,7.446,4.933,8.356,0.021,-0.004,0.112,-0.029
main,Makueni,1,53,2.642,4.752,13.66,23.336,2.676,4.858,2.742,5.001,2.314,4.243,2.59,4.709,-0.013,-0.038,0.124,0.02
main,Makueni,2,51,4.039,7.37,14.2,24.273,4.23,7.682,4.247,7.717,4.138,7.519,3.838,6.935,-0.047,-0.052,-0.024,0.05
main,Makueni,3,49,5.551,10.12,14.791,25.298,5.73,10.372,5.71,10.338,6.149,11.086,5.957,10.633,-0.032,-0.029,-0.108,-0.073
main,Mandera,1,53,2.547,2.722,7.553,7.819,2.632,2.812,2.586,2.766,2.599,2.774,2.632,2.816,-0.033,-0.015,-0.02,-0.033
main,Mandera,2,51,3.725,3.911,7.822,8.095,3.727,3.914,3.823,4.015,3.484,3.668,3.433,3.618,-0.0,-0.026,0.065,0.078
main,Mandera,3,49,4.224,4.379,8.07,8.349,4.204,4.359,4.202,4.361,4.265,4.433,3.772,3.919,0.005,0.005,-0.01,0.107
main,Marsabit,1,53,2.868,4.048,10.66,15.213,3.107,4.426,3.09,4.421,2.98,4.216,2.925,4.123,-0.083,-0.077,-0.039,-0.02
main,Marsabit,2,51,4.294,6.194,11.0,15.642,4.499,6.487,4.397,6.338,3.819,5.622,4.01,5.823,-0.048,-0.024,0.111,0.066
main,Marsabit,3,49,5.837,8.337,11.186,15.853,5.985,8.554,5.59,7.967,6.152,8.941,5.628,8.164,-0.025,0.042,-0.054,0.036
main,Meru,1,53,4.151,8.201,17.043,29.642,4.068,8.076,4.382,8.741,3.874,7.332,4.007,7.624,0.02,-0.056,0.067,0.035
main,Meru,2,51,6.686,13.604,17.356,30.096,6.519,13.302,6.505,13.279,6.03,11.548,6.056,11.478,0.025,0.027,0.098,0.094
main,Meru,3,49,8.49,17.29,17.442,30.129,8.061,16.609,7.726,16.007,8.224,15.637,8.02,15.13,0.05,0.09,0.031,0.055
main,Taita Taveta,1,53,2.038,3.677,12.664,21.546,1.987,3.677,1.932,3.583,2.212,3.936,1.994,3.607,0.025,0.052,-0.086,0.022
main,Taita Taveta,2,51,3.647,6.495,13.138,22.327,3.13,5.728,3.027,5.581,3.684,6.657,3.332,5.884,0.142,0.17,-0.01,0.086
main,Taita Taveta,3,49,5.306,9.35,13.702,23.243,4.334,7.858,4.217,7.679,5.867,10.511,5.202,9.046,0.183,0.205,-0.106,0.02
main,Tana River,1,53,4.151,5.673,14.255,19.001,4.717,6.386,4.747,6.435,4.196,5.822,4.238,5.848,-0.136,-0.144,-0.011,-0.021
main,Tana River,2,51,5.216,6.991,14.067,18.504,6.852,8.986,6.944,9.129,5.239,7.098,5.085,6.894,-0.314,-0.331,-0.005,0.025
main,Tana River,3,49,6.653,8.841,14.07,18.403,8.459,10.978,8.46,10.999,7.015,9.339,6.543,8.659,-0.271,-0.272,-0.054,0.017
main,Tharaka-Nithi,1,53,3.094,5.474,13.83,23.075,3.447,6.022,3.617,6.371,2.811,4.843,2.77,4.823,-0.114,-0.169,0.092,0.105
main,Tharaka-Nithi,2,51,4.843,8.507,14.4,24.04,5.423,9.327,5.48,9.411,5.032,8.688,5.14,8.663,-0.12,-0.131,-0.039,-0.061
main,Tharaka-Nithi,3,49,6.796,11.649,15.023,25.036,7.445,12.525,7.374,12.425,7.376,12.747,6.614,11.266,-0.095,-0.085,-0.085,0.027
main,Turkana,1,53,3.453,3.661,12.979,12.537,3.708,3.892,3.649,3.829,3.303,3.51,3.403,3.607,-0.074,-0.057,0.043,0.015
main,Turkana,2,51,5.216,5.405,13.156,12.661,5.629,5.764,5.621,5.745,5.03,5.167,5.352,5.446,-0.079,-0.078,0.036,-0.026
main,Turkana,3,49,6.531,6.683,13.302,12.77,7.153,7.207,7.189,7.268,6.81,6.879,6.403,6.404,-0.095,-0.101,-0.043,0.019
main,Wajir,1,53,5.151,5.89,12.255,13.672,5.41,6.189,5.458,6.237,5.176,5.915,4.848,5.523,-0.05,-0.06,-0.005,0.059
main,Wajir,2,51,7.941,9.061,12.089,13.414,7.949,9.099,8.011,9.171,7.454,8.488,7.226,8.216,-0.001,-0.009,0.061,0.09
main,Wajir,3,49,8.857,10.297,12.256,13.473,8.745,10.158,8.777,10.184,8.113,9.279,8.1,9.34,0.013,0.009,0.084,0.085
